name	date	definitionName	definitionId	definitionDockerRepository	definitionDockerImageTag	definitionDocumentationUrl	definitionIcon	definitionSourceType	definitionReleaseStage	scrapeDescription	scrapeUrl
destination-amazon-sqs	2021-12-10	Amazon SQS	undefined	airbyte/destination-amazon-sqs	0.1.0	https://docs.airbyte.com/integrations/destinations/amazon-sqs	undefined	undefined	alpha	Amazon SQS - AWS	https://aws.amazon.com/sqs/
destination-aws-datalake	2022-04-05	AWS Datalake	undefined	airbyte/destination-aws-datalake	0.1.1	https://docs.airbyte.com/integrations/destinations/aws-datalake	undefined	undefined	alpha	Data Lake | Implementations | AWS Solutions	https://aws.amazon.com/solutions/implementations/data-lake-solution/
destination-azure-blob-storage	2021-08-29	Azure Blob Storage	undefined	airbyte/destination-azure-blob-storage	0.1.6	https://docs.airbyte.com/integrations/destinations/azureblobstorage	azureblobstorage.svg	undefined	alpha	Azure Blob Storage	https://azure.microsoft.com/en-us/products/storage/blobs/
destination-bigquery	2020-10-21	BigQuery	undefined	airbyte/destination-bigquery	1.2.5	https://docs.airbyte.com/integrations/destinations/bigquery	bigquery.svg	undefined	generally_available	Enterprise Data Warehouse | BigQuery - Google Cloud	https://cloud.google.com/bigquery
destination-bigquery-denormalized	2021-06-23	BigQuery (denormalized typed struct)	undefined	airbyte/destination-bigquery-denormalized	1.2.5	https://docs.airbyte.com/integrations/destinations/bigquery	bigquery.svg	undefined	beta	BigQuery | Airbyte Documentation	https://docs.airbyte.com/integrations/destinations/bigquery/
destination-cassandra	2021-11-06	Cassandra	undefined	airbyte/destination-cassandra	0.1.4	https://docs.airbyte.com/integrations/destinations/cassandra	cassandra.svg	undefined	alpha	Apache Cassandra - The Apache Software Foundation!	https://cassandra.apache.org/_/index.html
destination-clickhouse	2021-12-14	Clickhouse	undefined	airbyte/destination-clickhouse	0.2.0	https://docs.airbyte.com/integrations/destinations/clickhouse	undefined	undefined	alpha	ClickHouse: Fast Open-Source OLAP DBMS	https://clickhouse.com/
destination-clickhouse-strict-encrypt	2021-12-14	undefined	undefined	undefined	undefined	undefined	undefined	undefined	undefined	ClickHouse: Fast Open-Source OLAP DBMS	https://clickhouse.com/
destination-csv	2020-10-21	Local CSV	undefined	airbyte/destination-csv	0.2.10	https://docs.airbyte.com/integrations/destinations/local-csv	file.svg	undefined	alpha	A special Airbyte source for single CSV files you provide.	https://docs.airbyte.com/integrations/destinations/local-csv
destination-databricks	2021-09-15	Databricks Lakehouse	undefined	airbyte/destination-databricks	0.3.1	https://docs.airbyte.com/integrations/destinations/databricks	databricks.svg	undefined	alpha	Data Lakehouse Platform by Databricks - Schedule a Demo ...	https://www.databricks.com/product/data-lakehouse
destination-dev-null	2021-12-19	undefined	undefined	undefined	undefined	undefined	undefined	undefined	undefined	Home - /dev/null as a Service	https://devnull-as-a-service.com/
destination-dynamodb	2021-09-02	DynamoDB	undefined	airbyte/destination-dynamodb	0.1.5	https://docs.airbyte.com/integrations/destinations/dynamodb	dynamodb.svg	undefined	alpha	Amazon DynamoDB is a fully managed, serverless, key-value NoSQL database designed to run high-performance applications at any scale.	https://aws.amazon.com/dynamodb/
destination-e2e-test	2021-05-25	E2E Testing	undefined	airbyte/destination-e2e-test	0.2.4	https://docs.airbyte.com/integrations/destinations/e2e-test	airbyte.svg	undefined	undefined	This destination is for testing of Airbyte connections. It can be set up as a source message logger, a /dev/null, or to mimic specific behaviors (e.g. exception during the sync). Please use it with discretion. This destination may log your data, and expose sensitive information.	https://docs.airbyte.com/integrations/destinations/e2e-test
destination-elasticsearch	2021-11-02	ElasticSearch	undefined	airbyte/destination-elasticsearch	0.1.6	https://docs.airbyte.com/integrations/destinations/elasticsearch	elasticsearch.svg	undefined	alpha	Elasticsearch: The Official Distributed Search & Analytics Engine	https://www.elastic.co/elasticsearch
destination-elasticsearch-strict-encrypt	2022-09-22	undefined	undefined	undefined	undefined	undefined	undefined	undefined	undefined	Elasticsearch: The Official Distributed Search & Analytics Engine	https://www.elastic.co/elasticsearch
destination-firebolt	2022-06-28	Firebolt	undefined	airbyte/destination-firebolt	0.1.0	https://docs.airbyte.com/integrations/destinations/firebolt	undefined	undefined	alpha	Firebolt: Cloud Data Warehouse For Engineers	https://www.firebolt.io/
destination-firestore	2021-11-22	Google Firestore	undefined	airbyte/destination-firestore	0.1.1	https://docs.airbyte.com/integrations/destinations/firestore	firestore.svg	undefined	alpha	Cloud Firestore - Firebase	https://firebase.google.com/docs/firestore
destination-gcs	2021-07-17	Google Cloud Storage (GCS)	undefined	airbyte/destination-gcs	0.2.12	https://docs.airbyte.com/integrations/destinations/gcs	googlecloudstorage.svg	undefined	beta	Cloud Storage | Google Cloud	https://cloud.google.com/storage
destination-google-sheets	2022-05-12	Google Sheets	undefined	airbyte/destination-google-sheets	0.1.1	https://docs.airbyte.com/integrations/destinations/google-sheets	google-sheets.svg	undefined	alpha	Collect Data from Anywhere with Google Sheet's ImportXML ...	https://zapier.com/blog/google-sheets-importxml-guide/
destination-jdbc	2020-12-04	undefined	undefined	undefined	undefined	undefined	undefined	undefined	undefined	Java SE Technologies - Database - Oracle	https://www.oracle.com/java/technologies/javase/javase-tech-database.html
destination-kafka	2021-07-22	Kafka	undefined	airbyte/destination-kafka	0.1.10	https://docs.airbyte.com/integrations/destinations/kafka	kafka.svg	undefined	alpha	Apache Kafka	https://kafka.apache.org/
destination-keen	2021-08-18	Chargify (Keen)	undefined	airbyte/destination-keen	0.2.4	https://docs.airbyte.com/integrations/destinations/keen	chargify.svg	undefined	alpha	Chargify Integration - Keen IO	https://keen.io/docs/integrations/chargify/
destination-kinesis	2021-11-22	Kinesis	undefined	airbyte/destination-kinesis	0.1.5	https://docs.airbyte.com/integrations/destinations/kinesis	kinesis.svg	undefined	alpha	Amazon Kinesis - Process & Analyze Streaming Data - AWS	https://aws.amazon.com/kinesis/
destination-kvdb	2021-07-19	undefined	undefined	undefined	undefined	undefined	undefined	undefined	undefined	KVdb - Key-Value Store as a Service API for Serverless Apps	https://kvdb.io/
destination-local-json	2020-12-22	Local JSON	undefined	airbyte/destination-local-json	0.2.11	https://docs.airbyte.com/integrations/destinations/local-json	file.svg	undefined	alpha	Displaying Content On The Webpage Using A Local JSON ...	https://dev.to/sasigit7/displaying-content-on-the-webpage-using-a-local-json-file-2mpb
destination-mariadb-columnstore	2021-11-24	MariaDB ColumnStore	undefined	airbyte/destination-mariadb-columnstore	0.1.7	https://docs.airbyte.com/integrations/destinations/mariadb-columnstore	mariadb.svg	undefined	alpha	MariaDB ColumnStore - MariaDB Knowledge Base	https://mariadb.com/kb/en/mariadb-columnstore/
destination-meilisearch	2021-02-09	MeiliSearch	undefined	airbyte/destination-meilisearch	1.0.0	https://docs.airbyte.com/integrations/destinations/meilisearch	meilisearch.svg	undefined	alpha	Meilisearch is a flexible and powerful user-focused search engine that can be added to any website or application.	https://www.meilisearch.com/
destination-mongodb	2021-09-07	MongoDB	undefined	airbyte/destination-mongodb	0.1.8	https://docs.airbyte.com/integrations/destinations/mongodb	mongodb.svg	undefined	alpha	MongoDB: The Developer Data Platform | MongoDB	https://www.mongodb.com/
destination-mongodb-strict-encrypt	2021-10-20	undefined	undefined	undefined	undefined	undefined	undefined	undefined	undefined	MongoDB: The Developer Data Platform | MongoDB	https://www.mongodb.com/
destination-mqtt	2021-11-21	MQTT	undefined	airbyte/destination-mqtt	0.1.3	https://docs.airbyte.com/integrations/destinations/mqtt	mqtt.svg	undefined	alpha	Publishing MQTT Data to to a Web Page - Steve's internet Guide	http://www.steves-internet-guide.com/publishing-mqtt-data-web-page/
destination-mssql	2021-05-17	MS SQL Server	undefined	airbyte/destination-mssql	0.1.22	https://docs.airbyte.com/integrations/destinations/mssql	mssql.svg	undefined	alpha	Introducing SQL Server 2022. Now in public preview. - Microsoft	https://www.microsoft.com/en-us/sql-server
destination-mssql-strict-encrypt	2021-10-12	undefined	undefined	undefined	undefined	undefined	undefined	undefined	undefined	Introducing SQL Server 2022. Now in public preview. - Microsoft	https://www.microsoft.com/en-us/sql-server
destination-mysql	2021-05-07	MySQL	undefined	airbyte/destination-mysql	0.1.20	https://docs.airbyte.com/integrations/destinations/mysql	mysql.svg	undefined	alpha	MySQL	https://www.mysql.com/
destination-mysql-strict-encrypt	2021-10-14	undefined	undefined	undefined	undefined	undefined	undefined	undefined	undefined	MySQL	https://www.mysql.com/
destination-oracle	2021-06-03	Oracle	undefined	airbyte/destination-oracle	0.1.19	https://docs.airbyte.com/integrations/destinations/oracle	oracle.svg	undefined	alpha	Big Data - Oracle	https://www.oracle.com/big-data/
destination-oracle-strict-encrypt	2021-11-02	undefined	undefined	undefined	undefined	undefined	undefined	undefined	undefined	Big Data - Oracle	https://www.oracle.com/big-data/
destination-postgres	2020-10-21	Postgres	undefined	airbyte/destination-postgres	0.3.26	https://docs.airbyte.com/integrations/destinations/postgres	postgresql.svg	undefined	alpha	PostgreSQL: The world's most advanced open source database	https://www.postgresql.org/
destination-postgres-strict-encrypt	2021-09-30	undefined	undefined	undefined	undefined	undefined	undefined	undefined	undefined	PostgreSQL: The world's most advanced open source database	https://www.postgresql.org/
destination-pubsub	2021-06-25	Google PubSub	undefined	airbyte/destination-pubsub	0.1.6	https://docs.airbyte.com/integrations/destinations/pubsub	googlepubsub.svg	undefined	alpha	Pub/Sub for Application & Data Integration | Google Cloud	https://cloud.google.com/pubsub
destination-pulsar	2021-11-06	Pulsar	undefined	airbyte/destination-pulsar	0.1.3	https://docs.airbyte.com/integrations/destinations/pulsar	pulsar.svg	undefined	alpha	Apache Pulsar is a cloud-native, multi-tenant, high-performance solution for server-to-server messaging and queuing built on the publisher-subscribe pattern.	https://pulsar.apache.org/
destination-r2	2022-09-26	Cloudflare R2	undefined	airbyte/destination-r2	0.1.0	https://docs.airbyte.com/integrations/destinations/r2	cloudflare-r2.svg	undefined	alpha	Cloudflare R2 | Zero Egress Distributed Object Storage	https://www.cloudflare.com/products/r2/
destination-rabbitmq	2021-12-14	RabbitMQ	undefined	airbyte/destination-rabbitmq	0.1.1	https://docs.airbyte.com/integrations/destinations/rabbitmq	pulsar.svg	undefined	alpha	Messaging that just works — RabbitMQ	https://www.rabbitmq.com/
destination-redis	2021-11-20	Redis	undefined	airbyte/destination-redis	0.1.4	https://docs.airbyte.com/integrations/destinations/redis	redis.svg	undefined	alpha	Redis	https://redis.io/
destination-redshift	2020-12-04	Redshift	undefined	airbyte/destination-redshift	0.3.51	https://docs.airbyte.com/integrations/destinations/redshift	redshift.svg	undefined	beta	Amazon Redshift - Cloud Data Warehouse - AWS	https://aws.amazon.com/redshift/
destination-rockset	2021-12-15	Rockset	undefined	airbyte/destination-rockset	0.1.4	https://docs.airbyte.com/integrations/destinations/rockset	undefined	undefined	alpha	Rockset: Real-Time Analytics at Cloud Scale	https://rockset.com/
destination-s3	2021-06-03	S3	undefined	airbyte/destination-s3	0.3.17	https://docs.airbyte.com/integrations/destinations/s3	s3.svg	undefined	generally_available	Hosting a static website using Amazon S3	https://docs.aws.amazon.com/AmazonS3/latest/userguide/WebsiteHosting.html
destination-scaffold-destination-python	2021-07-19	undefined	undefined	undefined	undefined	undefined	undefined	undefined	undefined	Scaffold a Flask Project - Real Python	https://realpython.com/scaffold-a-flask-project/
destination-scylla	2021-11-17	Scylla	undefined	airbyte/destination-scylla	0.1.3	https://docs.airbyte.com/integrations/destinations/scylla	scylla.svg	undefined	alpha	ScyllaDB | Monstrously Fast + Scalable NoSQL	https://www.scylladb.com/
destination-sftp-json	2021-11-24	SFTP-JSON	undefined	airbyte/destination-sftp-json	0.1.0	https://docs.airbyte.com/integrations/destinations/sftp-json	sftp.svg	undefined	alpha	SFTP JSON | Airbyte Documentation	https://docs.airbyte.com/integrations/destinations/sftp-json/
destination-snowflake	2020-11-02	Snowflake	undefined	airbyte/destination-snowflake	0.4.38	https://docs.airbyte.com/integrations/destinations/snowflake	snowflake.svg	undefined	generally_available	Execute your most critical workloads on top of Snowflake's multi-cluster shared data architecture in a fully managed platform that capitalizes on the ...	https://www.snowflake.com/en/
destination-sqlite	2022-08-09	Local SQLite	undefined	airbyte/destination-sqlite	0.1.0	https://docs.airbyte.com/integrations/destinations/local-sqlite	sqlite.svg	undefined	alpha	SQLite Home Page	https://www.sqlite.org/
destination-tidb	2022-09-01	TiDB	undefined	airbyte/destination-tidb	0.1.0	https://docs.airbyte.com/integrations/destinations/tidb	tidb.svg	undefined	alpha	PingCAP, the company building TiDB | SQL at Scale	https://www.pingcap.com/
destination-typesense	2022-10-28	Typesense	undefined	airbyte/destination-typesense	0.1.0	https://docs.airbyte.com/integrations/destinations/typesense	undefined	undefined	alpha	Typesense | Fast, typo-tolerant open source search engine	https://typesense.org/
destination-yugabytedb	2022-10-28	YugabyteDB	undefined	airbyte/destination-yugabytedb	0.1.0	https://docs.airbyte.com/integrations/destinations/yugabytedb	yugabytedb.svg	undefined	alpha	Yugabyte: The Distributed SQL Database for Cloud Native ...	https://www.yugabyte.com/
source-activecampaign	2022-10-28	ActiveCampaign	9f32dab3-77cb-45a1-9d33-347aa5fbe363	airbyte/source-activecampaign	0.1.0	https://docs.airbyte.com/integrations/sources/activecampaign	undefined	api	alpha	ActiveCampaign lets us send email campaigns, automate features, and manage contacts by staff group.	https://www.activecampaign.com/
source-adjust	2022-09-27	Adjust	d3b7fa46-111b-419a-998a-d7f046f6d66d	airbyte/source-adjust	0.1.0	https://docs.airbyte.com/integrations/sources/adjust	undefined	api	alpha	Adjust: The mobile measurement company	https://www.adjust.com/
source-airtable	2021-11-20	Airtable	14c6e7ea-97ed-4f5e-a7b5-25e9a80b8212	airbyte/source-airtable	0.1.3	https://docs.airbyte.com/integrations/sources/airtable	airtable.svg	api	alpha	Airtable | Create apps that perfectly fit your team's needs	https://www.airtable.com/
source-alloydb	2022-09-07	AlloyDB for PostgreSQL	1fa90628-2b9e-11ed-a261-0242ac120002	airbyte/source-alloydb	1.0.17	https://docs.airbyte.com/integrations/sources/alloydb	alloydb.svg	database	generally_available	About AlloyDB | AlloyDB for PostgreSQL - Google Cloud	https://cloud.google.com/alloydb
source-alloydb-strict-encrypt	2022-09-20	undefined	undefined	undefined	undefined	undefined	undefined	undefined	undefined	AlloyDB for PostgreSQL | Google Cloud	https://cloud.google.com/alloydb
source-amazon-ads	2021-08-26	Amazon Ads	c6b0a29e-1da9-4512-9002-7bfd0cba2246	airbyte/source-amazon-ads	0.1.24	https://docs.airbyte.com/integrations/sources/amazon-ads	amazonads.svg	api	generally_available	Amazon Ads: Online advertising for businesses of all sizes	https://advertising.amazon.com/
source-amazon-seller-partner	2021-06-01	Amazon Seller Partner	e55879a8-0ef8-4557-abcf-ab34c53ec460	airbyte/source-amazon-seller-partner	0.2.27	https://docs.airbyte.com/integrations/sources/amazon-seller-partner	amazonsellerpartner.svg	api	alpha	Selling Partner API on AWS - Quick Start - Amazon.com	https://aws.amazon.com/quickstart/architecture/amazon-selling-partner-api/
source-amazon-sqs	2021-10-27	Amazon SQS	983fd355-6bf3-4709-91b5-37afa391eeb6	airbyte/source-amazon-sqs	0.1.0	https://docs.airbyte.com/integrations/sources/amazon-sqs	undefined	api	alpha	Amazon SQS - AWS	https://aws.amazon.com/sqs/
source-amplitude	2021-06-08	Amplitude	fa9f58c6-2d03-4237-aaa4-07d75e0c1396	airbyte/source-amplitude	0.1.17	https://docs.airbyte.com/integrations/sources/amplitude	amplitude.svg	api	generally_available	Amplitude: Home	https://amplitude.com/
source-apify-dataset	2021-08-03	Apify Dataset	47f17145-fe20-4ef5-a548-e29b048adf84	airbyte/source-apify-dataset	0.1.11	https://docs.airbyte.com/integrations/sources/apify-dataset	apify.svg	api	alpha	Dataset - Apify Documentation	https://docs.apify.com/storage/dataset
source-appfollow	2022-08-17	Appfollow	b4375641-e270-41d3-9c20-4f9cecad87a8	airbyte/source-appfollow	0.1.1	https://docs.airbyte.com/integrations/sources/appfollow	appfollow.svg	api	alpha	AppFollow: App Review Management & ASO Platform	https://appfollow.io/
source-appsflyer	2021-10-19	undefined	undefined	undefined	undefined	undefined	undefined	undefined	undefined	AppsFlyer | Make good choices	https://www.appsflyer.com/
source-appstore-singer	2021-01-14	Appstore	2af123bf-0aaf-4e0d-9784-cb497f23741a	airbyte/source-appstore-singer	0.2.6	https://docs.airbyte.com/integrations/sources/appstore	appstore.svg	api	alpha	App Analytics - App Store Connect - Apple Developer	https://developer.apple.com/app-store-connect/analytics/
source-asana	2021-05-26	Asana	d0243522-dccf-4978-8ba0-37ed47a0bdbf	airbyte/source-asana	0.1.4	https://docs.airbyte.com/integrations/sources/asana	asana.svg	api	beta	Manage your team's work, projects, & tasks online • Asana	https://asana.com/
source-ashby	2022-10-28	Ashby	4e8c9fa0-3634-499b-b948-11581b5c3efa	airbyte/source-ashby	0.1.0	https://docs.airbyte.com/integrations/sources/ashby	undefined	api	alpha	Ashby: All-in-one Recruiting Software for Ambitious Teams	https://www.ashbyhq.com/
source-auth0	2022-10-26	Auth0	6c504e48-14aa-4221-9a72-19cf5ff1ae78	airbyte/source-auth0	0.1.0	https://docs.airbyte.com/integrations/sources/auth0	undefined	api	alpha	User Data Storage - Auth0	https://auth0.com/docs/secure/security-guidance/data-security/user-data-storage
source-aws-cloudtrail	2021-06-25	AWS CloudTrail	6ff047c0-f5d5-4ce5-8c81-204a830fa7e1	airbyte/source-aws-cloudtrail	0.1.4	https://docs.airbyte.com/integrations/sources/aws-cloudtrail	awscloudtrail.svg	api	alpha	Logging data events for trails - AWS CloudTrail	https://docs.aws.amazon.com/awscloudtrail/latest/userguide/logging-data-events-with-cloudtrail.html
source-azure-table	2021-11-15	Azure Table Storage	798ae795-5189-42b6-b64e-3cb91db93338	airbyte/source-azure-table	0.1.3	https://docs.airbyte.com/integrations/sources/azure-table	azureblobstorage.svg	database	alpha	Table storage | Microsoft Azure	https://azure.microsoft.com/en-us/products/storage/tables/
source-bamboo-hr	2021-08-27	BambooHR	90916976-a132-4ce9-8bce-82a03dd58788	airbyte/source-bamboo-hr	0.2.2	https://docs.airbyte.com/integrations/sources/bamboo-hr	bamboohr.svg	api	alpha	BambooHR: HR Software with Heart. Focus on people, not ...	https://www.bamboohr.com/
source-bigcommerce	2021-08-29	BigCommerce	59c5501b-9f95-411e-9269-7143c939adbd	airbyte/source-bigcommerce	0.1.7	https://docs.airbyte.com/integrations/sources/bigcommerce	bigcommerce.svg	api	alpha	BigCommerce: Ecommerce for a New Era	https://www.bigcommerce.com/
source-bigquery	2021-07-22	BigQuery	bfd1ddf8-ae8a-4620-b1d7-55597d2ba08c	airbyte/source-bigquery	0.2.2	https://docs.airbyte.com/integrations/sources/bigquery	bigquery.svg	database	alpha	Enterprise Data Warehouse | BigQuery - Google Cloud	https://cloud.google.com/bigquery
source-bing-ads	2021-08-14	Bing Ads	47f25999-dd5e-4636-8c39-e7cea2453331	airbyte/source-bing-ads	0.1.16	https://docs.airbyte.com/integrations/sources/bing-ads	bingads.svg	api	generally_available	Microsoft Ads	https://ads.microsoft.com/
source-braintree	2021-08-19	Braintree	63cea06f-1c75-458d-88fe-ad48c7cb27fd	airbyte/source-braintree	0.1.3	https://docs.airbyte.com/integrations/sources/braintree	braintree.svg	api	alpha	Braintree | Online Payment Solutions and Global Payment ...	https://www.braintreepayments.com/
source-cart	2021-07-23	Cart.com	bb1a6d31-6879-4819-a2bd-3eed299ea8e2	airbyte/source-cart	0.2.0	https://docs.airbyte.com/integrations/sources/cart	cart.svg	api	alpha	Cart.com: The Ecommerce Platform for Growing Brands	https://www.cart.com/
source-chargebee	2021-07-01	Chargebee	686473f1-76d9-4994-9cc7-9b13da46147c	airbyte/source-chargebee	0.1.15	https://docs.airbyte.com/integrations/sources/chargebee	chargebee.svg	api	generally_available	Chargebee Data Centers - Docs	https://www.chargebee.com/docs/2.0/data-centers.html
source-chargify	2022-03-17	Chargify	9b2d3607-7222-4709-9fa2-c2abdebbdd88	airbyte/source-chargify	0.1.0	https://docs.airbyte.com/integrations/sources/chargify	chargify.svg	api	alpha	Chargify: Subscription Billing for B2B SaaS	https://www.chargify.com/
source-chartmogul	2022-01-19	Chartmogul	b6604cbd-1b12-4c08-8767-e140d0fb0877	airbyte/source-chartmogul	0.1.1	https://docs.airbyte.com/integrations/sources/chartmogul	chartmogul.svg	api	alpha	ChartMogul | Subscription Analytics Platform	https://chartmogul.com/
source-clickhouse	2021-05-12	ClickHouse	bad83517-5e54-4a3d-9b53-63e85fbd4d7c	airbyte/source-clickhouse	0.1.14	https://docs.airbyte.com/integrations/sources/clickhouse	undefined	database	alpha	ClickHouse: Fast Open-Source OLAP DBMS	https://clickhouse.com/
source-clickhouse-strict-encrypt	2021-10-25	undefined	undefined	undefined	undefined	undefined	undefined	undefined	undefined	ClickHouse: Fast Open-Source OLAP DBMS	https://clickhouse.com/
source-clockify	2022-10-26	Clockify	e71aae8a-5143-11ed-bdc3-0242ac120002	airbyte/source-clockify	0.1.0	https://docs.airbyte.com/integrations/sources/clockify	clockify.svg	api	alpha	Clockify™ - 100% FREE Time Tracking Software	https://clockify.me/
source-close-com	2021-09-14	Close.com	dfffecb7-9a13-43e9-acdc-b92af7997ca9	airbyte/source-close-com	0.1.0	https://docs.airbyte.com/integrations/sources/close-com	close.svg	api	alpha	Close CRM | The All-In-One CRM for Growing Teams	https://www.close.com/
source-cockroachdb	2021-07-02	Cockroachdb	9fa5862c-da7c-11eb-8d19-0242ac130003	airbyte/source-cockroachdb	0.1.18	https://docs.airbyte.com/integrations/sources/cockroachdb	cockroachdb.svg	database	alpha	Cockroach Labs, the company building CockroachDB	https://www.cockroachlabs.com/
source-cockroachdb-strict-encrypt	2021-11-24	undefined	undefined	undefined	undefined	undefined	undefined	undefined	undefined	Cockroach Labs, the company building CockroachDB	https://www.cockroachlabs.com/
source-coin-api	2022-10-28	Coin API	919984ef-53a2-479b-8ffe-9c1ddb9fc3f3	airbyte/source-coin-api	0.1.0	https://docs.airbyte.com/integrations/sources/coin-api	undefined	api	alpha	CoinAPI - Cryptocurrency Data API	https://www.coinapi.io/
source-commercetools	2021-11-09	Commercetools	008b2e26-11a3-11ec-82a8-0242ac130003	airbyte/source-commercetools	0.1.0	https://docs.airbyte.com/integrations/sources/commercetools	commercetools.svg	api	alpha	Next-generation digital commerce | commercetools	https://commercetools.com/
source-confluence	2021-11-05	Confluence	cf40a7f8-71f8-45ce-a7fa-fca053e4028c	airbyte/source-confluence	0.1.1	https://docs.airbyte.com/integrations/sources/confluence	confluence.svg	api	alpha	Viewing Site Statistics | Confluence Data Center and Server 7.20	https://confluence.atlassian.com/display/DOC/Viewing+Site+Statistics
source-convertkit	2022-10-29	ConvertKit	be9ee02f-6efe-4970-979b-95f797a37188	airbyte/source-convertkit	0.1.0	https://docs.airbyte.com/integrations/sources/convertkit	undefined	api	alpha	Privacy Policy - ConvertKit	https://convertkit.com/privacy
source-courier	2022-10-19	Courier	0541b2cd-2367-4986-b5f1-b79ff55439e4	airbyte/source-courier	0.1.0	https://docs.airbyte.com/integrations/sources/courier	undefined	api	alpha	Courier: API for Email, SMS, Web & Mobile Push Notifications	https://www.courier.com/
source-db2	2021-06-24	IBM Db2	447e0381-3780-4b46-bb62-00a4e3c8b8e2	airbyte/source-db2	0.1.16	https://docs.airbyte.com/integrations/sources/db2	db2.svg	database	alpha	IBM Db2	https://www.ibm.com/products/db2
source-db2-strict-encrypt	2021-11-11	undefined	undefined	undefined	undefined	undefined	undefined	undefined	undefined	IBM Db2	https://www.ibm.com/products/db2
source-delighted	2021-11-02	Delighted	cc88c43f-6f53-4e8a-8c4d-b284baaf9635	airbyte/source-delighted	0.1.4	https://docs.airbyte.com/integrations/sources/delighted	delighted.svg	api	alpha	Collect customer feedback in minutes with Delighted	https://delighted.com/
source-dixa	2021-07-10	Dixa	0b5c867e-1b12-4d02-ab74-97b2184ff6d7	airbyte/source-dixa	0.1.3	https://docs.airbyte.com/integrations/sources/dixa	dixa.svg	api	alpha	Data Security - Dixa	https://www.dixa.com/legal/data-security/
source-dockerhub	2022-06-20	Dockerhub	72d405a3-56d8-499f-a571-667c03406e43	airbyte/source-dockerhub	0.1.0	https://docs.airbyte.com/integrations/sources/dockerhub	dockerhub.svg	api	alpha	Docker Hub Container Image Library | App Containerization	https://hub.docker.com/
source-drift	2020-12-18	Drift	445831eb-78db-4b1f-8f1f-0d96ad8739e2	airbyte/source-drift	0.2.5	https://docs.airbyte.com/integrations/sources/drift	drift.svg	api	alpha	Drift's Conversation Cloud helps businesses connect with customers in the moments that matter most — using chat, email, video, and more.	https://www.drift.com/
source-dv-360	2022-09-28	DV 360	1356e1d9-977f-4057-ad4b-65f25329cf61	airbyte/source-dv-360	0.1.0	https://docs.airbyte.com/integrations/sources/dv-360	undefined	api	alpha	Display & Video 360 - Google Marketing Platform	https://marketingplatform.google.com/about/display-video-360/
source-e2e-test	2021-05-25	E2E Testing	d53f9084-fa6b-4a5a-976c-5b8392f4ad8a	airbyte/source-e2e-test	2.1.3	https://docs.airbyte.com/integrations/sources/e2e-test	airbyte.svg	api	alpha	This is a mock source for testing the Airbyte pipeline. It can generate arbitrary data streams.	https://docs.airbyte.com/integrations/sources/e2e-test
source-e2e-test-cloud	2022-01-24	undefined	undefined	undefined	undefined	undefined	undefined	undefined	undefined	Cypress E2E Testing on Cloud - LambdaTest	https://www.lambdatest.com/cypress-e2e-testing
source-elasticsearch	2022-07-13	Elasticsearch	7cf88806-25f5-4e1a-b422-b2fa9e1b0090	airbyte/source-elasticsearch	0.1.0	https://docs.airbyte.com/integrations/sources/elasticsearch	undefined	api	alpha	Elasticsearch: The Official Distributed Search & Analytics Engine	https://www.elastic.co/elasticsearch
source-exchange-rates	2021-04-22	Exchange Rates Api	e2b40e36-aa0e-4bed-b41b-bcea6fa348b1	airbyte/source-exchange-rates	1.2.6	https://docs.airbyte.com/integrations/sources/exchangeratesapi	exchangeratesapi.svg	api	alpha	Exchange Rates API	https://exchangeratesapi.io/
source-facebook-marketing	2021-01-15	Facebook Marketing	e7778cfc-e97c-4458-9ecb-b4f2bba8946c	airbyte/source-facebook-marketing	0.2.70	https://docs.airbyte.com/integrations/sources/facebook-marketing	facebook.svg	api	generally_available	Meta Ads Manager is a tool that lets you create and manage your ads. You can view, make changes and see results for all of your Meta campaigns, ad sets and ads.	https://www.facebook.com/business/help/966883707418907
source-facebook-pages	2021-09-02	Facebook Pages	010eb12f-837b-4685-892d-0a39f76a98f5	airbyte/source-facebook-pages	0.1.6	https://docs.airbyte.com/integrations/sources/facebook-pages	facebook.svg	api	alpha	Page Plugin - Social Plugins - Meta for Developers	https://developers.facebook.com/docs/plugins/page-plugin/
source-faker	2022-04-14	Faker	dfd88b22-b603-4c3d-aad7-3701784586b1	airbyte/source-faker	0.2.0	https://docs.airbyte.com/integrations/sources/faker	undefined	api	alpha	Faker | Faker	https://fakerjs.dev/
source-fauna	2022-09-29	Fauna	3825db3e-c94b-42ac-bd53-b5a9507ace2b	airbyte/source-fauna	dev	https://docs.airbyte.com/integrations/sources/fauna	fauna.svg	database	alpha	Fauna | The distributed serverless database	https://fauna.com/
source-file	2020-11-03	File	778daa7c-feaf-4db6-96f3-70fd645acc77	airbyte/source-file	0.2.28	https://docs.airbyte.com/integrations/sources/file	file.svg	file	generally_available	15 Best File Sharing Websites in 2022 (FREE Hosting) - Guru99	https://www.guru99.com/file-sharing-sites.html
source-file-secure	2021-10-20	undefined	undefined	undefined	undefined	undefined	undefined	undefined	undefined	12 Secure File Sharing Services to Send Data Privately	https://geekflare.com/secure-file-sharing/
source-firebolt	2022-06-18	Firebolt	6f2ac653-8623-43c4-8950-19218c7caf3d	airbyte/source-firebolt	0.1.0	https://docs.airbyte.com/integrations/sources/firebolt	undefined	database	alpha	Firebolt: Cloud Data Warehouse For Engineers	https://www.firebolt.io/
source-flexport	2022-01-21	Flexport	f95337f1-2ad1-4baf-922f-2ca9152de630	airbyte/source-flexport	0.1.0	https://docs.airbyte.com/integrations/sources/flexport	undefined	api	alpha	The Flexport Platform is your supply chain source of truth. Automate orders. Onboard suppliers. Book logistics. Track cargo—even if other partners handle it ...	https://www.flexport.com/
source-freshcaller	2022-08-11	Freshcaller	8a5d48f6-03bb-4038-a942-a8d3f175cca3	airbyte/source-freshcaller	0.1.0	https://docs.airbyte.com/integrations/sources/freshcaller	undefined	undefined	undefined	Freshdesk Contact Center (formerly Freshcaller) - Freshworkshttp://freshcaller.com	http://freshcaller.com/
source-freshdesk	2020-12-01	Freshdesk	ec4b9503-13cb-48ab-a4ab-6ade4be46567	airbyte/source-freshdesk	0.3.6	https://docs.airbyte.com/integrations/sources/freshdesk	freshdesk.svg	api	generally_available	Online cloud-based customer service software providing helpdesk support with all smart automations to get things done faster.	https://freshdesk.com/
source-freshsales	2021-11-03	Freshsales	eca08d79-7b92-4065-b7f3-79c14836ebe7	airbyte/source-freshsales	0.1.2	https://docs.airbyte.com/integrations/sources/freshsales	freshsales.svg	api	alpha	Sales CRM Made Easy By Freshworks - Freshsales	https://www.freshworks.com/crm/sales/
source-freshservice	2021-10-29	Freshservice	9bb85338-ea95-4c93-b267-6be89125b267	airbyte/source-freshservice	0.1.1	https://docs.airbyte.com/integrations/sources/freshservice	freshservice.svg	api	alpha	Freshservice Cloud based ITSM software for your service desk with powerful automation tool to manage incidents, assets and more ✓ Try Freshservice ITSM ...	https://freshservice.com/
source-github	2021-07-07	GitHub	ef69ef6e-aa7f-4af1-a01d-ef775033524e	airbyte/source-github	0.3.7	https://docs.airbyte.com/integrations/sources/github	github.svg	api	generally_available	GitHub is where over 83 million developers shape the future of software, together. Contribute to the open source community, manage your Git repositories, ...	https://github.com/
source-gitlab	2021-07-06	Gitlab	5e6175e5-68e1-4c17-bff9-56103bbb0d80	airbyte/source-gitlab	0.1.6	https://docs.airbyte.com/integrations/sources/gitlab	gitlab.svg	api	alpha	GitLab: The One DevOps Platformhttps://about.gitlab.com	https://about.gitlab.com/
source-glassfrog	2022-07-27	Glassfrog	cf8ff320-6272-4faa-89e6-4402dc17e5d5	airbyte/source-glassfrog	0.1.0	https://docs.airbyte.com/integrations/sources/glassfrog	glassfrog.svg	api	alpha	GlassFroghttps://www.glassfrog.com	https://www.glassfrog.com/
source-gocardless	2022-10-20	GoCardless	ba15ac82-5c6a-4fb2-bf24-925c23a1180c	airbyte/source-gocardless	0.1.0	https://docs.airbyte.com/integrations/sources/gocardless	undefined	api	alpha	GoCardless collects direct bank payments. Meaning no card fees. And with all that wasted admin time cut away, the savings really stack up.	https://gocardless.com/
source-google-ads	2021-06-14	Google Ads	253487c0-2246-43ba-a21f-5116b20a2c50	airbyte/source-google-ads	0.2.3	https://docs.airbyte.com/integrations/sources/google-ads	google-adwords.svg	api	generally_available	Google Ads - Get More Customers & Generate Leads with ...	https://ads.google.com/home/
source-google-analytics-data-api	2022-06-28	Google Analytics Data API (GA4)	3cc2eafd-84aa-4dca-93af-322d9dfeec1a	airbyte/source-google-analytics-data-api	0.0.3	https://docs.airbyte.com/integrations/sources/google-analytics-v4	google-analytics.svg	api	alpha	The Google Analytics Data API v1 gives you programmatic access to Google Analytics 4 (GA4) report data. Google Analytics 4 helps you understand how people use your web, iOS, or Android app.	https://developers.google.com/analytics/devguides/reporting/data/v1
source-google-analytics-v4	2021-08-26	Google Analytics (Universal Analytics)	eff3616a-f9c3-11eb-9a03-0242ac130003	airbyte/source-google-analytics-v4	0.1.31	https://docs.airbyte.com/integrations/sources/google-analytics-universal-analytics	google-analytics.svg	api	generally_available	This connector supports Universal Analytics properties through the Reporting API v4.	https://developers.google.com/analytics/devguides/reporting/core/v4
source-google-directory	2021-03-12	Google Directory	d19ae824-e289-4b14-995a-0632eb46d246	airbyte/source-google-directory	0.1.9	https://docs.airbyte.com/integrations/sources/google-directory	googledirectory.svg	api	alpha	Directory: Categories of Topics - Google Guide	https://www.googleguide.com/directory.html
source-google-search-console	2021-09-10	Google Search Console	eb4c9e00-db83-4d63-a386-39cfa91012a8	airbyte/source-google-search-console	0.1.18	https://docs.airbyte.com/integrations/sources/google-search-console	googlesearchconsole.svg	api	generally_available	Google Search Console Tools	https://search.google.com/search-console/about
source-google-sheets	2020-10-29	Google Sheets	71607ba1-c0ac-4799-8049-7f4b90dd50f7	airbyte/source-google-sheets	0.2.21	https://docs.airbyte.com/integrations/sources/google-sheets	google-sheets.svg	file	generally_available	Google Sheets: Online Spreadsheet Editor	https://www.google.com/sheets/about/
source-google-webfonts	2022-10-29	Google Webfonts	a68fbcde-b465-4ab3-b2a6-b0590a875835	airbyte/source-google-webfonts	0.1.0	https://docs.airbyte.com/integrations/sources/google-webfonts	googleworkpace.svg	api	alpha	Fonts - Google Developers	https://developers.google.com/fonts
source-google-workspace-admin-reports	2021-04-01	Google Workspace Admin Reports	ed9dfefa-1bbc-419d-8c5e-4d78f0ef6734	airbyte/source-google-workspace-admin-reports	0.1.8	https://docs.airbyte.com/integrations/sources/google-workspace-admin-reports	googleworkpace.svg	api	alpha	The Reports API is a RESTful API you can use to access information about the Google Workspace activities of your users. The Reports API is part of the Google Workspace Admin Console SDK.	https://developers.google.com/admin-sdk/reports/v1/get-start/overview
source-greenhouse	2020-12-05	Greenhouse	59f1e50a-331f-4f09-b3e8-2e8d4d355f44	airbyte/source-greenhouse	0.3.0	https://docs.airbyte.com/integrations/sources/greenhouse	greenhouse.svg	api	generally_available	Greenhouse: Applicant tracking system & recruiting softwarehttp://greenhouse.com	http://greenhouse.com/
source-gutendex	2022-10-21	Gutendex	bff9a277-e01d-420d-81ee-80f28a307318	airbyte/source-gutendex	0.1.0	https://docs.airbyte.com/integrations/sources/gutendex	undefined	api	alpha	Gutendexhttps://gutendex.com	https://gutendex.com/
source-harvest	2021-06-07	Harvest	fe2b4084-3386-4d3b-9ad6-308f61a6f1e6	airbyte/source-harvest	0.1.11	https://docs.airbyte.com/integrations/sources/harvest	harvest.svg	api	generally_available	HARVEST.com: Homehttp://harvest.com	http://harvest.com/
source-hellobaton	2022-01-14	Hellobaton	492b56d1-937c-462e-8076-21ad2031e784	airbyte/source-hellobaton	0.1.0	https://docs.airbyte.com/integrations/sources/hellobaton	undefined	api	alpha	Baton: for Software Implementations and Onboardingshttps://www.hellobaton.com	https://www.hellobaton.com/
source-hubplanner	2022-08-10	Hubplanner	8097ceb9-383f-42f6-9f92-d3fd4bcc7689	airbyte/source-hubplanner	0.1.0	https://docs.airbyte.com/integrations/sources/hubplanner	undefined	api	alpha	Hub Planner: Resource Management, Scheduling ...https://hubplanner.com	https://hubplanner.com/
source-hubspot	2021-03-20	HubSpot	36c891d9-4bd9-43ac-bad2-10e12756272c	airbyte/source-hubspot	0.2.2	https://docs.airbyte.com/integrations/sources/hubspot	hubspot.svg	api	generally_available	HubSpot's integrated CRM platform contains the marketing, sales, service, operations, and website-building software you need to grow your business.	https://www.hubspot.com/
source-insightly	2022-10-20	Insightly	38f84314-fe6a-4257-97be-a8dcd942d693	airbyte/source-insightly	0.1.0	https://docs.airbyte.com/integrations/sources/insightly	undefined	api	alpha	Our CRM software can help your sales team build customer relationships, quickly create personalized marketing campaigns, and automate business processes.	https://www.insightly.com/
source-instagram	2021-03-13	Instagram	6acf6b55-4f1e-4fca-944e-1a3caef8aba8	airbyte/source-instagram	1.0.0	https://docs.airbyte.com/integrations/sources/instagram	instagram.svg	api	generally_available	Create an account or log in to Instagram - A simple, fun & creative way to capture, edit & share photos, videos & messages with friends & family.	https://www.instagram.com/
source-intercom	2021-07-19	Intercom	d8313939-3782-41b0-be29-b3ca20d8dd3a	airbyte/source-intercom	0.1.29	https://docs.airbyte.com/integrations/sources/intercom	intercom.svg	api	generally_available	Build lasting customer relationships with Intercom, the Engagement OS.	https://www.intercom.com/
source-iterable	2021-04-20	Iterable	2e875208-0c0b-4ee4-9e92-1cb3156ea799	airbyte/source-iterable	0.1.21	https://docs.airbyte.com/integrations/sources/iterable	iterable.svg	api	generally_available	Iterable is a cross-channel marketing platform that powers unified customer experiences and empowers you to create, optimize and measure every interaction ...	https://iterable.com/
source-jdbc	2020-10-30	undefined	undefined	undefined	undefined	undefined	undefined	undefined	undefined	Lesson: JDBC Basics - Java™ Tutorials	https://docs.oracle.com/javase/tutorial/jdbc/basics/index.html
source-jira	2020-12-10	Jira	68e63de2-bb83-4c7e-93fa-a8a9051e3993	airbyte/source-jira	0.2.22	https://docs.airbyte.com/integrations/sources/jira	jira.svg	api	alpha	Plan, track, and manage your agile and software development projects in Jira. Customize your workflow, collaborate, and release great software.	http://jira.com/
source-kafka	2021-09-23	Kafka	d917a47b-8537-4d0d-8c10-36a9928d4265	airbyte/source-kafka	0.2.0	https://docs.airbyte.com/integrations/sources/kafka	kafka.svg	database	alpha	kafka.comhttp://www.kafka.com	http://www.kafka.com/
source-klaviyo	2021-05-20	Klaviyo	95e8cffd-b8c4-4039-968e-d32fb4a69bde	airbyte/source-klaviyo	0.1.10	https://docs.airbyte.com/integrations/sources/klaviyo	klaviyo.svg	api	generally_available	Klaviyo, an ecommerce marketing automation platform for email marketing and sms syncs your tech stack with your website store to scale your business.	https://www.klaviyo.com/
source-kustomer-singer	2021-08-05	Kustomer	cd06e646-31bf-4dc8-af48-cbc6530fcad3	airbyte/source-kustomer-singer	0.1.2	https://docs.airbyte.com/integrations/sources/kustomer	undefined	api	alpha	With Kustomer, deliver faster, richer experiences to your customers with omnichannel messaging, a unified customer view, and AI-powered automations.	https://www.kustomer.com/
source-kyriba	2022-07-13	Kyriba	547dc08e-ab51-421d-953b-8f3745201a8c	airbyte/source-kyriba	0.1.0	https://docs.airbyte.com/integrations/sources/kyriba	undefined	api	alpha	Kyriba enterprise software manages treasury, risk management, payments, working capital and API real-time connectivity for the office of the CFO and ...	https://www.kyriba.com/
source-lemlist	2021-10-27	Lemlist	789f8e7a-2d28-11ec-8d3d-0242ac130003	airbyte/source-lemlist	0.1.0	https://docs.airbyte.com/integrations/sources/lemlist	undefined	api	alpha	Start conversations that get replies ... Personalize cold emails, automate follow-ups, and engage with leads across all channels. lemlist is your sales automation ...	https://www.lemlist.com/
source-lever-hiring	2021-09-10	Lever Hiring	3981c999-bd7d-4afc-849b-e53dea90c948	airbyte/source-lever-hiring	0.1.3	https://docs.airbyte.com/integrations/sources/lever-hiring	leverhiring.svg	api	alpha	Lever Hirehttps://hire.lever.co	https://hire.lever.co/
source-linkedin-ads	2021-09-25	LinkedIn Ads	137ece28-5434-455c-8f34-69dc3782f451	airbyte/source-linkedin-ads	0.1.12	https://docs.airbyte.com/integrations/sources/linkedin-ads	linkedin.svg	api	generally_available	Targeted Self-Service Ads - business LinkedIn	https://business.linkedin.com/marketing-solutions/ads
source-linkedin-pages	2022-08-11	LinkedIn Pages	af54297c-e8f8-4d63-a00d-a94695acc9d3	airbyte/source-linkedin-pages	0.1.0	https://docs.airbyte.com/integrations/sources/linkedin-pages	linkedin.svg	api	alpha	Create a LinkedIn Company Page - Business Linkedin	https://business.linkedin.com/marketing-solutions/linkedin-pages
source-linnworks	2021-11-16	Linnworks	7b86879e-26c5-4ef6-a5ce-2be5c7b46d1e	airbyte/source-linnworks	0.1.5	https://docs.airbyte.com/integrations/sources/linnworks	linnworks.svg	api	alpha	Linnworks is an eCommerce platform that helps online retailers automate key processes, reduce costs and grow their business.	https://www.linnworks.com/
source-lokalise	2022-10-28	Lokalise	45e0b135-615c-40ac-b38e-e65b0944197f	airbyte/source-lokalise	0.1.0	https://docs.airbyte.com/integrations/sources/lokalise	undefined	api	alpha	Lokalise is a continuous localization and translation management platform. It integrates into your development workflow so you can ship localized products, ...	https://lokalise.com/
source-looker	2020-12-25	Looker	00405b19-9768-4e0c-b1ae-9fc2ee2b2a8c	airbyte/source-looker	0.2.7	https://docs.airbyte.com/integrations/sources/looker	looker.svg	api	alpha	Looker is a business intelligence software and big data analytics platform that helps you explore, analyze and share real-time business analytics easily.	https://www.looker.com/
source-mailchimp	2020-11-13	Mailchimp	b03a9f3e-22a5-11eb-adc1-0242ac120002	airbyte/source-mailchimp	0.2.15	https://docs.airbyte.com/integrations/sources/mailchimp	mailchimp.svg	api	generally_available	Grow your business on your terms with Mailchimp's All-In-One marketing, automation & email marketing platform. Easy to use - start for free!	https://mailchimp.com/
source-mailerlite	2022-10-28	MailerLite	dc3b9003-2432-4e93-a7f4-4620b0f14674	airbyte/source-mailerlite	0.1.0	https://docs.airbyte.com/integrations/sources/mailerlite	undefined	api	alpha	Today, most email marketing services offer automation and landing pages, but MailerLite is truly distinguished by its simple, beautiful UI and attentive ...	https://www.mailerlite.com/
source-mailgun	2021-12-08	Mailgun	5b9cb09e-1003-4f9c-983d-5779d1b2cd51	airbyte/source-mailgun	0.1.0	https://docs.airbyte.com/integrations/sources/mailgun	mailgun.svg	api	alpha	Developers and product teams love using Mailgun to communicate with their users ... Based on real customer reviews, G2 Crowd named us the #1 transactional email ...	https://www.mailgun.com/
source-mailjet-mail	2022-10-28	Mailjet Mail	56582331-5de2-476b-b913-5798de77bbdf	airbyte/source-mailjet-mail	0.1.0	https://docs.airbyte.com/integrations/sources/mailjet-mail	undefined	api	alpha	Mailjet: Email Delivery Service for Marketing & Developer Teamshttps://www.mailjet.com	https://www.mailjet.com/
source-mailjet-sms	2022-10-29	Mailjet SMS	6ec2acea-7fd1-4378-b403-41a666e0c028	airbyte/source-mailjet-sms	0.1.0	https://docs.airbyte.com/integrations/sources/mailjet-sms	undefined	api	alpha	SMS API for Developers - Send Transactional SMS Easily	https://www.mailjet.com/products/sms/
source-marketo	2021-09-24	Marketo	9e0556f4-69df-4522-a3fb-03264d36b348	airbyte/source-marketo	0.1.11	https://docs.airbyte.com/integrations/sources/marketo	marketo.svg	api	generally_available	Explore Marketo Engage ; Identify, engage, and accelerate the customer experience. Engage the right customers through behavior tracking; Easily build and scale ...	https://www.marketo.com/
source-metabase	2022-06-23	Metabase	c7cb421b-942e-4468-99ee-e369bcabaec5	airbyte/source-metabase	0.2.0	https://docs.airbyte.com/integrations/sources/metabase	metabase.svg	api	alpha	Team doesn't speak SQL? No problem. Metabase is the easy, open-source way to help everyone in your company work with data like an analyst.	https://www.metabase.com/
source-microsoft-teams	2020-12-22	Microsoft teams	eaf50f04-21dd-4620-913b-2a83f5635227	airbyte/source-microsoft-teams	0.2.5	https://docs.airbyte.com/integrations/sources/microsoft-teams	microsoft-teams.svg	api	alpha	Log In | Microsoft Teams	https://www.microsoft.com/en-us/microsoft-teams/log-in
source-mixpanel	2021-07-20	Mixpanel	12928b32-bf0a-4f1e-964f-07e12e37153a	airbyte/source-mixpanel	0.1.28	https://docs.airbyte.com/integrations/sources/mixpanel	mixpanel.svg	api	generally_available	Unlock valuable customer insights to better convert, engage, and retain users with Mixpanel's powerful, self-serve product analytics. Try it free.	https://mixpanel.com/
source-monday	2021-11-07	Monday	80a54ea2-9959-4040-aac1-eee42423ec9b	airbyte/source-monday	0.1.4	https://docs.airbyte.com/integrations/sources/monday	monday.svg	api	alpha	monday.com Work OS is an open platform where anyone can create the tools they need to run every aspect of their work.	https://monday.com/
source-mongodb	2021-03-09	undefined	undefined	undefined	undefined	undefined	undefined	undefined	undefined	With a document data model that maps to how developers think and code and a powerful, unified query API, MongoDB powers faster, more flexible application ...	https://www.mongodb.com/
source-mongodb-strict-encrypt	2021-10-11	undefined	undefined	undefined	undefined	undefined	undefined	undefined	undefined	With a document data model that maps to how developers think and code and a powerful, unified query API, MongoDB powers faster, more flexible application ...	https://www.mongodb.com/
source-mongodb-v2	2021-09-09	MongoDb	b2e713cd-cc36-4c0a-b5bd-b47cb8a0561e	airbyte/source-mongodb-v2	0.1.19	https://docs.airbyte.com/integrations/sources/mongodb-v2	mongodb.svg	database	alpha	With a document data model that maps to how developers think and code and a powerful, unified query API, MongoDB powers faster, more flexible application ...	https://www.mongodb.com/
source-mssql	2020-11-14	Microsoft SQL Server (MSSQL)	b5ea17b1-f170-46dc-bc31-cc744ca984c1	airbyte/source-mssql	0.4.24	https://docs.airbyte.com/integrations/sources/mssql	mssql.svg	database	alpha	SQL Server Downloads | Microsoft	https://www.microsoft.com/en-us/sql-server/sql-server-downloads
source-mssql-strict-encrypt	2021-10-08	undefined	undefined	undefined	undefined	undefined	undefined	undefined	undefined	SQL Server 2019 - Microsoft	https://www.microsoft.com/en-us/sql-server/sql-server-2019
source-my-hours	2021-12-21	My Hours	722ba4bf-06ec-45a4-8dd5-72e4a5cf3903	airbyte/source-my-hours	0.1.1	https://docs.airbyte.com/integrations/sources/my-hours	my-hours.svg	api	alpha	With My Hours you can track all your work. Add a detailed description to your time logs and expenses. We know time tracking is a hassle, so we've designed ...	https://myhours.com/
source-mysql	2020-10-30	MySQL	435bb9a5-7887-4809-aa58-28c27df0d7ad	airbyte/source-mysql	1.0.9	https://docs.airbyte.com/integrations/sources/mysql	mysql.svg	database	beta	MySQL.com ... MySQL Enterprise Edition ... MySQL Cluster enables users to meet the database challenges of next generation web, cloud, and communications ...	https://www.mysql.com/
source-mysql-strict-encrypt	2021-10-05	undefined	undefined	undefined	undefined	undefined	undefined	undefined	undefined	MySQL.com ... MySQL Enterprise Edition ... MySQL Cluster enables users to meet the database challenges of next generation web, cloud, and communications ...	https://www.mysql.com/
source-nasa	2022-10-28	NASA	1a8667d7-7978-43cd-ba4d-d32cbd478971	airbyte/source-nasa	0.1.0	https://docs.airbyte.com/integrations/sources/nasa	nasa.svg	api	alpha	nasa.comhttp://www.nasa.com	http://www.nasa.com/
source-netsuite	2022-09-22	Netsuite	4f2f093d-ce44-4121-8118-9d13b7bfccd0	airbyte/source-netsuite	0.1.1	https://docs.airbyte.com/integrations/sources/netsuite	undefined	api	alpha	NetSuite is the leading integrated cloud business software suite, including business accounting, ERP, CRM and ecommerce software.	https://www.netsuite.com/portal/home.shtml
source-news-api	2022-10-27	News API	df38991e-f35b-4af2-996d-36817f614587	airbyte/source-news-api	0.1.0	https://docs.airbyte.com/integrations/sources/news-api	undefined	api	alpha	News API – Search News and Blog Articles on the Webhttps://newsapi.org	https://newsapi.org/
source-notion	2021-11-19	Notion	6e00b415-b02e-4160-bf02-58176a0ae687	airbyte/source-notion	0.1.10	https://docs.airbyte.com/integrations/sources/notion	notion.svg	api	generally_available	Used by the world's most innovative teams · MatchGroup. Notion is a workspace that adapts to your needs. It's as minimal or as powerful as you need it to be.	https://www.notion.so/
source-okta	2021-06-02	Okta	1d4fdb25-64fc-4569-92da-fcdca79a8372	airbyte/source-okta	0.1.13	https://docs.airbyte.com/integrations/sources/okta	okta.svg	api	alpha	Okta: The World's #1 Identity Platformhttps://www.okta.com	https://www.okta.com/
source-omnisend	2022-10-31	Omnisend	e7f0c5e2-4815-48c4-90cf-f47124209835	airbyte/source-omnisend	0.1.0	https://docs.airbyte.com/integrations/sources/omnisend	undefined	api	alpha	Ecommerce email marketing, automated emails and SMS - switch to Omnisend and increase your sales without increasing your workload.	https://www.omnisend.com/
source-onesignal	2021-10-22	OneSignal	bb6afd81-87d5-47e3-97c4-e2c2901b1cf8	airbyte/source-onesignal	0.1.2	https://docs.airbyte.com/integrations/sources/onesignal	onesignal.svg	api	alpha	OneSignal integrates with leading analytics, CMS, and eCommerce solutions including Amplitude, Mixpanel, Segment, HubSpot, Shopify, WordPress, and many more.	https://onesignal.com/
source-openweather	2021-12-16	OpenWeather	d8540a80-6120-485d-b7d6-272bca477d9b	airbyte/source-openweather	0.1.6	https://docs.airbyte.com/integrations/sources/openweather	undefined	api	alpha	OpenWeather is a team of IT experts and data scientists that has been practising deep weather data science. For each point on the globe, OpenWeather provides ...	https://openweathermap.org/
source-oracle	2021-04-01	Oracle DB	b39a7370-74c3-45a6-ac3a-380d48520a83	airbyte/source-oracle	0.3.21	https://docs.airbyte.com/integrations/sources/oracle	oracle.svg	database	alpha	Database | Oracle	https://www.oracle.com/database/
source-oracle-strict-encrypt	2021-10-14	undefined	undefined	undefined	undefined	undefined	undefined	undefined	undefined	Oracle offers a comprehensive and fully integrated stack of cloud applications and cloud platform services.	https://www.oracle.com/
source-orb	2022-02-21	Orb	7f0455fb-4518-4ec0-b7a3-d808bf8081cc	airbyte/source-orb	0.1.4	https://docs.airbyte.com/integrations/sources/orb	orb.svg	api	alpha	orb.comhttps://orb.com	https://orb.com/
source-orbit	2022-06-27	Orbit	95bcc041-1d1a-4c2e-8802-0ca5b1bfa36a	airbyte/source-orbit	0.1.1	https://docs.airbyte.com/integrations/sources/orbit	undefined	api	alpha	Orbithttps://www.orbit.com	https://www.orbit.com/
source-oura	2022-10-28	Oura	2bf6c581-bec5-4e32-891d-de33036bd631	airbyte/source-oura	0.1.0	https://docs.airbyte.com/integrations/sources/oura	undefined	api	alpha	Oùra |https://www.oura.com · Translate this page	https://www.oura.com/
source-outreach	2021-11-23	Outreach	3490c201-5d95-4783-b600-eaf07a4c7787	airbyte/source-outreach	0.1.2	https://docs.airbyte.com/integrations/sources/outreach	outreach.svg	api	alpha	We empower churches to reach communities for Christ using customizable church banners, feather flags, roll up banners, church signs and displays, ...	https://www.outreach.com/
source-pardot	2021-11-19	undefined	undefined	undefined	undefined	undefined	undefined	undefined	undefined	Marketing Cloud Account Engagement - Salesforce.comhttp://pardot.com	http://pardot.com/
source-paypal-transaction	2021-07-09	Paypal Transaction	d913b0f2-cc51-4e55-a44c-8ba1697b9239	airbyte/source-paypal-transaction	0.1.10	https://docs.airbyte.com/integrations/sources/paypal-transaction	paypal.svg	api	generally_available	The Paypal Transaction API is used to get the history of transactions for a PayPal account.	https://developer.paypal.com/docs/api/transaction-search/v1/
source-paystack	2021-11-02	Paystack	193bdcb8-1dd9-48d1-aade-91cadfd74f9b	airbyte/source-paystack	0.1.1	https://docs.airbyte.com/integrations/sources/paystack	paystack.svg	api	alpha	Paystack is a growth engine for a new generation of innovative, forward-looking organizations operating in Africa. Air Peace logo. Filmhouse Cinemas logo.	https://paystack.com/
source-persistiq	2022-01-22	PersistIq	3052c77e-8b91-47e2-97a0-a29a22794b4b	airbyte/source-persistiq	0.1.0	https://docs.airbyte.com/integrations/sources/persistiq	persistiq.svg	api	alpha	PersistIQ: Affordable, Easy-to-Use Sales Email Automation ...https://www.persistiq.com	https://www.persistiq.com/
source-pinterest	2021-11-09	Pinterest	5cb7e5fe-38c2-11ec-8d3d-0242ac130003	airbyte/source-pinterest	0.1.8	https://docs.airbyte.com/integrations/sources/pinterest	pinterest.svg	api	generally_available	Discover recipes, home ideas, style inspiration and other ideas to try.	https://www.pinterest.com/
source-pipedrive	2021-07-19	Pipedrive	d8286229-c680-4063-8c59-23b9b391c700	airbyte/source-pipedrive	0.1.13	https://docs.airbyte.com/integrations/sources/pipedrive	pipedrive.svg	api	alpha	Pipedrive is the easy-to-use, #1 user-rated CRM tool. Get more qualified leads and grow your business. Sign up for a 14-day free trial.	https://www.pipedrive.com/
source-pivotal-tracker	2022-04-05	Pivotal Tracker	d60f5393-f99e-4310-8d05-b1876820f40e	airbyte/source-pivotal-tracker	0.1.0	https://docs.airbyte.com/integrations/sources/pivotal-tracker	undefined	api	alpha	Pivotal Tracker: Agile Project Managementhttps://www.pivotaltracker.com	https://www.pivotaltracker.com/
source-plaid	2020-12-31	Plaid	ed799e2b-2158-4c66-8da4-b40fe63bc72a	airbyte/source-plaid	0.3.2	https://docs.airbyte.com/integrations/sources/plaid	plaid.svg	api	alpha	Plaid helps all companies build fintech solutions by making it easy, safe and reliable for people to connect their financial data to apps and services.	https://plaid.com/
source-pokeapi	2021-05-05	PokeAPI	6371b14b-bc68-4236-bfbd-468e8df8e968	airbyte/source-pokeapi	0.1.5	https://docs.airbyte.com/integrations/sources/pokeapi	pokeapi.svg	api	alpha	PokeAPI proudly announces Beta support for GraphQL. Access our free console at ... name: "limber"; url: "api/v2/ability/7/".	https://pokeapi.co/
source-postgres	2020-11-03	Postgres	decd338e-5647-4c0b-adf4-da0e75f5a750	airbyte/source-postgres	1.0.22	https://docs.airbyte.com/integrations/sources/postgres	postgresql.svg	database	generally_available	PostgreSQL: The world's most advanced open source databasehttps://www.postgresql.org	https://www.postgresql.org/
source-postgres-strict-encrypt	2021-09-27	undefined	undefined	undefined	undefined	undefined	undefined	undefined	undefined	PostgreSQL: The world's most advanced open source databasehttps://www.postgresql.org	https://www.postgresql.org/
source-posthog	2021-06-09	PostHog	af6d50ee-dddf-4126-a8ee-7faee990774f	airbyte/source-posthog	0.1.7	https://docs.airbyte.com/integrations/sources/posthog	posthog.svg	api	alpha	PostHog is the all-in-one platform for building better products - with product analytics, feature flags, session recordings, a/b testing, heatmaps, ...	https://posthog.com/
source-prestashop	2021-07-27	Prestashop	d60a46d4-709f-4092-a6b7-2457f7d455f5	airbyte/source-prestashop	0.2.0	https://docs.airbyte.com/integrations/sources/presta-shop	prestashop.svg	api	alpha	PrestaShop is a reliable software that has enabled us to constantly evolve our site over the last 6 years, all while allowing us to work independently, ...	https://www.prestashop.com/en
source-primetric	2022-09-22	Primetric	f636c3c6-4077-45ac-b109-19fc62a283c1	airbyte/source-primetric	0.1.0	https://docs.airbyte.com/integrations/sources/presta-shop	primetric.svg	api	alpha	Futures Start Here ... We believe in enhancing lives and positively impacting the world for the better through advancements in the way we all learn, assess, and ...	https://www.prometric.com/
source-python-http-tutorial	2021-04-27	undefined	undefined	undefined	undefined	undefined	undefined	undefined	undefined	Python - HTTP Requests - Tutorialspoint	https://www.tutorialspoint.com/python_network_programming/python_http_requests.htm
source-qualaroo	2021-12-22	Qualaroo	b08e4776-d1de-4e80-ab5c-1e51dad934a2	airbyte/source-qualaroo	0.1.2	https://docs.airbyte.com/integrations/sources/qualaroo	qualaroo.svg	api	alpha	Qualaroo: User Research & Customer Feedback Softwarehttps://qualaroo.com	https://qualaroo.com/
source-quickbooks-singer	2021-04-17	QuickBooks	29b409d9-30a5-4cc8-ad50-886eb846fea3	airbyte/source-quickbooks-singer	0.1.5	https://docs.airbyte.com/integrations/sources/quickbooks	qb.svg	api	alpha	QuickBooks®: Official Site | Smart Tools. Better Business.http://quickbooks.com	http://quickbooks.com/
source-rd-station-marketing	2022-10-28	RD Station Marketing	fb141f29-be2a-450b-a4f2-2cd203a00f84	airbyte/source-rd-station-marketing	0.1.0	https://docs.airbyte.com/integrations/sources/rd-station-marketing	undefined	api	alpha	RD Station - The Complete Platform to Build a Real Growth...	https://www.rdstation.com/en/
source-recharge	2021-05-20	Recharge	45d2e135-2ede-49e1-939f-3e3ec357a65e	airbyte/source-recharge	0.2.4	https://docs.airbyte.com/integrations/sources/recharge	recharge.svg	api	generally_available	Worldwide mobile recharge: send credit and data to any phone. Recipient's country: ... Save time with the Recharge.com app. Recharge anytime, anywhere in ...	https://www.recharge.com/en/us
source-recurly	2020-11-25	Recurly	cd42861b-01fc-4658-a8ab-5d11d0510f01	airbyte/source-recurly	0.4.1	https://docs.airbyte.com/integrations/sources/recurly	recurly.svg	api	alpha	Recurly is the subscription and billing platform trusted by leading brands to grow their recurring revenue faster, smarter, and stronger.	https://recurly.com/
source-redshift	2020-12-01	Redshift	e87ffa8e-a3b5-f69c-9076-6011339de1f6	airbyte/source-redshift	0.3.14	https://docs.airbyte.com/integrations/sources/redshift	redshift.svg	database	alpha	Red Shift Internet Solutionshttps://www.redshift.com	https://www.redshift.com/
source-relational-db	2021-07-06	undefined	undefined	undefined	undefined	undefined	undefined	undefined	undefined	What is a Relational Database (RDBMS)? - Oracle	https://www.oracle.com/database/what-is-a-relational-database/
source-retently	2021-11-02	Retently	db04ecd1-42e7-4115-9cec-95812905c626	airbyte/source-retently	0.1.2	https://docs.airbyte.com/integrations/sources/retently	retently.svg	api	alpha	Retentlyhttps://www.retently.com	https://www.retently.com/
source-rki-covid	2022-05-30	RKI Covid	d78e5de0-aa44-4744-aa4f-74c818ccfe19	airbyte/source-rki-covid	0.1.1	https://docs.airbyte.com/integrations/sources/rki-covid	undefined	api	alpha	COVID-19 - RKI	https://www.rki.de/EN/Content/infections/epidemiology/outbreaks/COVID-19/COVID19.html
source-s3	2021-07-30	S3	69589781-7828-43c5-9f63-8925b1c1ccc2	airbyte/source-s3	0.1.25	https://docs.airbyte.com/integrations/sources/s3	s3.svg	file	generally_available	S3: Compliance Reporting and Trade Analytics Softwarehttps://s3.com	https://s3.com/
source-salesforce	2021-09-08	Salesforce	b117307c-14b6-41aa-9422-947e34922962	airbyte/source-salesforce	1.0.22	https://docs.airbyte.com/integrations/sources/salesforce	salesforce.svg	api	generally_available	Personalize every experience along the customer journey with the Customer 360. Unify marketing, sales, service, commerce, and IT on the world's #1 CRM.	https://www.salesforce.com/
source-salesloft	2021-10-22	SalesLoft	41991d12-d4b5-439e-afd0-260a31d4c53f	airbyte/source-salesloft	0.1.3	https://docs.airbyte.com/integrations/sources/salesloft	salesloft.svg	api	alpha	Salesloft lets you know what's working and what's not to help you set strategy, drive alignment, predictably generate revenue, and scale your sales organization ...	https://salesloft.com/
source-scaffold-java-jdbc	2021-06-09	undefined	undefined	undefined	undefined	undefined	undefined	undefined	undefined	A special Airbyte source for Java JDBC connectors.	https://github.com/airbytehq/airbyte/issues/10618
source-scaffold-source-http	2021-04-26	undefined	undefined	undefined	undefined	undefined	undefined	undefined	undefined	A special Airbyte source for HTTP connectors.	https://docs.airbyte.com/
source-scaffold-source-python	2021-02-17	undefined	undefined	undefined	undefined	undefined	undefined	undefined	undefined	A special Airbyte source for Python connectors.	https://docs.airbyte.com/
source-search-metrics	2021-12-23	SearchMetrics	8d7ef552-2c0f-11ec-8d3d-0242ac130003	airbyte/source-search-metrics	0.1.1	https://docs.airbyte.com/integrations/sources/search-metrics	searchmetrics.svg	api	alpha	We help enterprises understand digital demand, build strategies for tapping into it, and execute at scale. Turn search data into revenue.	https://www.searchmetrics.com/
source-sendgrid	2020-11-24	Sendgrid	fbb5fbe2-16ad-4cf4-af7d-ff9d9c316c87	airbyte/source-sendgrid	0.2.15	https://docs.airbyte.com/integrations/sources/sendgrid	sendgrid.svg	api	beta	SendGrid delivers your transactional and marketing emails through the world's largest cloud-based email delivery platform. Send with confidence.	https://sendgrid.com/
source-sentry	2021-11-03	Sentry	cdaf146a-9b75-49fd-9dd2-9d64a0bb4781	airbyte/source-sentry	0.1.7	https://docs.airbyte.com/integrations/sources/sentry	sentry.svg	api	generally_available	At Sentry, we work to understand your business. We offer customizable business insurance, employee 401(k) plans, business life insurance, and the security ...	https://www.sentry.com/
source-sftp	2022-05-30	SFTP	a827c52e-791c-4135-a245-e233c5255199	airbyte/source-sftp	0.1.2	https://docs.airbyte.com/integrations/sources/sftp	undefined	file	alpha	SFTP Protocol Info Site for Developers - SFTP.nethttps://www.sftp.net	https://www.sftp.net/
source-sftp-bulk	2022-10-28	SFTP Bulk	31e3242f-dee7-4cdc-a4b8-8e06c5458517	airbyte/source-sftp-bulk	0.1.0	https://docs.airbyte.com/integrations/sources/sftp-bulk	undefined	file	alpha	A special Airbyte source for SFTP bulk uploads	https://www.sftp.net/
source-shopify	2021-06-08	Shopify	9da77001-af33-4bcd-be46-6252bf9342b9	airbyte/source-shopify	0.2.0	https://docs.airbyte.com/integrations/sources/shopify	shopify.svg	api	alpha	Try Shopify free and start a business or grow an existing one. Get more than ecommerce software with tools to manage every part of your business.	https://www.shopify.com/
source-shortio	2021-08-16	Short.io	2fed2292-5586-480c-af92-9944e39fe12d	airbyte/source-shortio	0.1.3	https://docs.airbyte.com/integrations/sources/shortio	short.svg	api	alpha	Short.io — White label URL Shortener. Create your own short ...https://short.io	https://short.io/
source-slack	2021-04-20	Slack	c2281cee-86f9-4a86-bb48-d23286b4c7bd	airbyte/source-slack	0.1.18	https://docs.airbyte.com/integrations/sources/slack	slack.svg	api	generally_available	Slack is a new way to communicate with your team. It's faster, better organized, and more secure than email.	https://slack.com/
source-smartsheets	2021-04-15	Smartsheets	374ebc65-6636-4ea0-925c-7d35999a8ffc	airbyte/source-smartsheets	0.1.12	https://docs.airbyte.com/integrations/sources/smartsheets	smartsheet.svg	api	beta	Smartsheet offers a rich set of views, workflows, reports, and dashboards to capture and track your plans, resources, and schedules.	https://www.smartsheet.com/
source-snapchat-marketing	2021-07-29	Snapchat Marketing	200330b2-ea62-4d11-ac6d-cfe3e3f8ab2b	airbyte/source-snapchat-marketing	0.1.8	https://docs.airbyte.com/integrations/sources/snapchat-marketing	snapchat.svg	api	generally_available	Snapchat Ads | Snapchat for Business	https://forbusiness.snapchat.com/en-US/
source-snowflake	2021-06-11	Snowflake	e2d65910-8c8b-40a1-ae7d-ee2416b2bfa2	airbyte/source-snowflake	0.1.24	https://docs.airbyte.com/integrations/sources/snowflake	snowflake.svg	database	alpha	ONE PLATFORM THAT. POWERS THE DATA CLOUD ... Execute your most critical workloads on top of Snowflake's multi-cluster shared data architecture in a fully managed ...	https://www.snowflake.com/en/
source-sonar-cloud	2022-10-28	Sonar Cloud	3ab1d7d0-1577-4ab9-bcc4-1ff6a4c2c9f2	airbyte/source-sonar-cloud	0.1.0	https://docs.airbyte.com/integrations/sources/sonar-cloud	undefined	api	alpha	As a service | SonarCloud | Sonar - SonarSource	https://www.sonarsource.com/products/sonarcloud/
source-square	2021-07-08	Square	77225a51-cd15-4a13-af02-65816bd0ecf4	airbyte/source-square	0.1.4	https://docs.airbyte.com/integrations/sources/square	square.svg	api	alpha	Square | Solutions For Your Small, Medium & Large Businesshttp://square.com	http://square.com/
source-stock-ticker-api-tutorial	2021-01-07	undefined	undefined	undefined	undefined	undefined	undefined	undefined	undefined	Top 7 Best Stock Market APIs for Developers in 2022 - RapidAPI	https://rapidapi.com/blog/best-stock-api/
source-strava	2021-10-26	Strava	7a4327c4-315a-11ec-8d3d-0242ac130003	airbyte/source-strava	0.1.2	https://docs.airbyte.com/integrations/sources/strava	strava.svg	api	alpha	Designed by athletes, for athletes, Strava's mobile app and website connect millions of runners and cyclists through the sports they love.	https://www.strava.com/
source-stripe	2021-04-07	Stripe	e094cb9a-26de-4645-8761-65c0c425d1de	airbyte/source-stripe	0.1.40	https://docs.airbyte.com/integrations/sources/stripe	stripe.svg	api	generally_available	Stripe is a suite of APIs powering online payment processing and commerce solutions for internet businesses of all sizes. Accept payments and scale faster.	https://stripe.com/
source-surveymonkey	2021-07-06	SurveyMonkey	badc5925-0485-42be-8caa-b34096cb71b5	airbyte/source-surveymonkey	0.1.11	https://docs.airbyte.com/integrations/sources/surveymonkey	surveymonkey.svg	api	generally_available	Use SurveyMonkey to drive your business forward by using our free online survey tool to capture the voices and opinions of the people who matter most to ...	https://www.surveymonkey.com/
source-talkdesk-explore	2022-05-27	TalkDesk Explore	f00d2cf4-3c28-499a-ba93-b50b6f26359e	airbyte/source-talkdesk-explore	0.1.0	https://docs.airbyte.com/integrations/sources/talkdesk-explore	talkdesk-explore.svg	api	alpha	Talkdesk Explore API allows getting valuable trends and insights regarding the performance of your company by correlating Talkdesk data with data from other systems.	https://docs.talkdesk.com/docs/explore-api
source-tempo	2021-01-12	Tempo	d1aa448b-7c54-498e-ad95-263cbebcd2db	airbyte/source-tempo	0.2.6	https://docs.airbyte.com/integrations/sources/tempo	tempo.svg	api	alpha	Previsão do Tempo para 14 dias - tempo.com	https://www.tempo.com/
source-tidb	2022-04-21	TiDB	0dad1a35-ccf8-4d03-b73e-6788c00b13ae	airbyte/source-tidb	0.2.1	https://docs.airbyte.com/integrations/sources/tidb	tidb.svg	database	alpha	Welcome to Tidb.comhttp://tidb.comhttp://tidb.com	http://tidb.com/
source-tiktok-marketing	2021-10-16	TikTok Marketing	4bfac00d-ce15-44ff-95b9-9e3c3e8fbd35	airbyte/source-tiktok-marketing	0.1.17	https://docs.airbyte.com/integrations/sources/tiktok-marketing	tiktok.svg	api	generally_available	Advertise on TikTok. Make ads that entertain and campaigns that connect. Where large and small businesses, agencies & creators can achieve big results.	https://www.tiktok.com/business/en-US
source-timely	2022-07-15	Timely	bc617b5f-1b9e-4a2d-bebe-782fd454a771	airbyte/source-timely	0.1.0	https://docs.airbyte.com/integrations/sources/timely	timely.svg	api	alpha	Timely.comhttp://timely.comhttp://timely.com	http://timely.com/
source-tplcentral	2021-12-28	undefined	undefined	undefined	undefined	undefined	undefined	undefined	undefined	TPL Enterprises | Responsive Website Design | Logo Design ...http://www.tplcentral.comhttp://www.tplcentral.com	http://www.tplcentral.com/
source-trello	2021-08-25	Trello	8da67652-004c-11ec-9a03-0242ac130003	airbyte/source-trello	0.1.6	https://docs.airbyte.com/integrations/sources/trello	trelllo.svg	api	alpha	Trello is the ultimate project management tool. Start up a board in seconds, automate tedious tasks, and collaborate anywhere, even on mobile.	https://trello.com/
source-tvmaze-schedule	2022-10-28	TVMaze Schedule	bd14b08f-9f43-400f-b2b6-7248b5c72561	airbyte/source-tvmaze-schedule	0.1.0	https://docs.airbyte.com/integrations/sources/tvmaze-schedule	trelllo.svg	api	alpha	Schedule for Monday October 31 - TVmaze.com	https://www.tvmaze.com/schedule
source-twilio	2021-07-04	Twilio	b9dc6155-672e-42ea-b10d-9f1f1fb95ab1	airbyte/source-twilio	0.1.13	https://docs.airbyte.com/integrations/sources/twilio	twilio.svg	api	generally_available	Build personal relationships with each and every customer, cut customer acquisition costs, and increase lifetime value. Twilio Engage uniquely puts the power of ...	https://www.twilio.com/
source-typeform	2021-07-13	Typeform	e7eff203-90bf-43e5-a240-19ea3056c474	airbyte/source-typeform	0.1.9	https://docs.airbyte.com/integrations/sources/typeform	typeform.svg	api	alpha	One question at a time — like a conversation — keeps your audience engaged. You get more thoughtful responses, and higher completion rates. ... Built-in photo and ...	https://www.typeform.com/
source-us-census	2021-07-20	US Census	c4cfaeda-c757-489a-8aba-859fb08b6970	airbyte/source-us-census	0.1.2	https://docs.airbyte.com/integrations/sources/us-census	uscensus.svg	api	alpha	The Census Bureau's mission is to serve as the nation's leading provider of quality data about its ... Measuring America's People, Places, and Economy.	https://www.census.gov/
source-waiteraid	2022-10-29	Waiteraid	03a53b13-794a-4d6b-8544-3b36ed8f3ce4	airbyte/source-waiteraid	0.1.0	https://docs.airbyte.com/integrations/sources/waiteraid	undefined	api	alpha	WaiterAid	https://waiteraid.com/
source-webflow	2022-06-22	Webflow	ef580275-d9a9-48bb-af5e-db0f5855be04	airbyte/source-webflow	0.1.2	https://docs.airbyte.com/integrations/sources/webflow	webflow.svg	api	alpha	Create professional, custom websites in a completely visual canvas with no code. Learn how to create a website by trying Webflow for free!	https://webflow.com/
source-whisky-hunter	2022-10-21	Whisky Hunter	e65f84c0-7598-458a-bfac-f770c381ff5d	airbyte/source-whisky-hunter	0.1.0	https://docs.airbyte.com/integrations/sources/whisky-hunter	undefined	api	alpha	Whisky Hunter — Market Research Tools For Collectors ...	https://whiskyhunter.net/
source-woocommerce	2021-10-07	WooCommerce	2a2552ca-9f78-4c1c-9eb7-4d0dc66d72df	airbyte/source-woocommerce	0.1.2	https://docs.airbyte.com/integrations/sources/woocommerce	woocommerce.svg	api	alpha	WooCommerce is a customizable, open-source eCommerce platform built on WordPress.	https://woocommerce.com/
source-workable	2022-10-27	Workable	ef3c99c6-9e90-43c8-9517-926cfd978517	airbyte/source-workable	0.1.0	https://docs.airbyte.com/integrations/sources/workable	undefined	api	alpha	More than an applicant tracking system, Workable's talent acquisition software helps teams find candidates, evaluate applicants and make the right hire, ...	https://www.workable.com/
source-wrike	2022-09-16	Wrike	9c13f986-a13b-4988-b808-4705badf71c2	airbyte/source-wrike	0.1.0	https://docs.airbyte.com/integrations/sources/wrike	undefined	api	alpha	Only Wrike's work management platform gives your team full visibility and control over all your tasks and projects. Project management software has never ...	https://www.wrike.com/
source-xkcd	2022-10-22	xkcd	80fddd16-17bd-4c0c-bf4a-80df7863fc9d	airbyte/source-xkcd	0.1.1	https://docs.airbyte.com/integrations/sources/xkcd	undefined	api	alpha	Archive · What If? Blag · About · Feed•Email · TW•FB•IG · -Books- · What If? 2 · WI?•TE•HT · xkcd.com logo A webcomic of romance,	https://xkcd.com/
source-yahoo-finance-price	2022-03-24	undefined	undefined	undefined	undefined	undefined	undefined	undefined	undefined	Yahoo Finance - Stock Market Live, Quotes, Business ...	https://finance.yahoo.com/
source-yandex-metrica	2022-09-20	Yandex Metrica	7865dce4-2211-4f6a-88e5-9d0fe161afe7	airbyte/source-yandex-metrica	0.1.0	https://docs.airbyte.com/integrations/sources/yandex-metrica	undefined	api	alpha	Yandex.Metrica — free All-Round Web Analytics: session ...	https://metrica.yandex.com/
source-youtube-analytics	2021-11-19	YouTube Analytics	afa734e4-3571-11ec-991a-1e0031268139	airbyte/source-youtube-analytics	0.1.3	https://docs.airbyte.com/integrations/sources/youtube-analytics	youtube.svg	api	beta	YouTube Analytics	https://analytics.youtube.com/
source-zendesk-chat	2021-05-04	Zendesk Chat	40d24d0f-b8f9-4fe0-9e6c-b06c0f3f45e4	airbyte/source-zendesk-chat	0.1.11	https://docs.airbyte.com/integrations/sources/zendesk-chat	zendesk.svg	api	generally_available	The Zendesk Live Chat Conversations API allows your application to act as a Zendesk Chat agent and interact with your website visitors.The API uses the GraphQL data query language to give you more flexibility.	https://developer.zendesk.com/documentation/live-chat/getting-started/auth/
source-zendesk-sell	2022-10-29	Zendesk Sell	982eaa4c-bba1-4cce-a971-06a41f700b8c	airbyte/source-zendesk-sell	0.1.0	https://docs.airbyte.com/integrations/sources/zendesk-sell	zendesk.svg	api	alpha	Zendesk CRM for Sales | All-in-One Sales Platform Zendesk Sell	https://www.zendesk.com/sell/
source-zendesk-sunshine	2021-07-09	Zendesk Sunshine	325e0640-e7b3-4e24-b823-3361008f603f	airbyte/source-zendesk-sunshine	0.1.1	https://docs.airbyte.com/integrations/sources/zendesk-sunshine	zendesk.svg	api	alpha	Develop custom experiences with the Zendesk Platform	https://www.zendesk.com/platform/
source-zendesk-support	2021-08-03	Zendesk Support	79c1aa37-dae3-42ae-b333-d1c105477715	airbyte/source-zendesk-support	0.2.16	https://docs.airbyte.com/integrations/sources/zendesk-support	zendesk.svg	api	generally_available	Zendesk is award-winning customer service software trusted by 200K+ customers. Make customers happy via text, mobile, phone, email, live chat, social media.	https://www.zendesk.com/
source-zendesk-talk	2021-04-14	Zendesk Talk	c8630570-086d-4a40-99ae-ea5b18673071	airbyte/source-zendesk-talk	0.1.5	https://docs.airbyte.com/integrations/sources/zendesk-talk	zendesk.svg	api	generally_available	Best customer service phone software 2022 - Zendesk	https://www.zendesk.com/service/voice/
source-zenefits	2022-09-22	Zenefits	8baba53d-2fe3-4e33-bc85-210d0eb62884	airbyte/source-zenefits	0.1.0	https://docs.airbyte.com/integrations/sources/zenefits	zenefits.svg	api	alpha	Zenefits is an award-winning People Ops Platform that makes it easy to manage your employee documents, HR, benefits, payroll, time and attendance, ...	https://www.zenefits.com/
source-zenloop	2021-11-23	Zenloop	f1e4c7f6-db5c-4035-981f-d35ab4998794	airbyte/source-zenloop	0.1.3	https://docs.airbyte.com/integrations/sources/zenloop	undefined	api	alpha	zenloop | Customer Experience Management Platform	https://www.zenloop.com/en/
source-zoho-crm	2022-04-06	ZohoCRM	4942d392-c7b5-4271-91f9-3b4f4e51eb3e	airbyte/source-zoho-crm	0.1.0	https://docs.airbyte.com/integrations/sources/zoho-crm	undefined	api	alpha	Top-rated Sales CRM Software by Customers - Zoho	https://www.zoho.com/crm/
source-zoom	2022-10-26	Zoom	cbfd9856-1322-44fb-bcf1-0b39b7a8e92e	airbyte/source-zoom	0.1.0	https://docs.airbyte.io/integrations/sources/zoom	zoom.svg	api	alpha	Zoom: Video Conferencing, Cloud Phone, Webinars, Chat ...http://zoom.comhttp://zoom.com	http://zoom.com/
source-zuora	2021-08-05	Zuora	3dc3037c-5ce8-4661-adc2-f7a9e3c5ece5	airbyte/source-zuora	0.1.3	https://docs.airbyte.com/integrations/sources/zuora	zuora.svg	api	alpha	Zuora is the industry leader in subscription management. Build, run and grow your subscription business with Zuora's suite of advanced billing and revenue ...	https://www.zuora.com/